,hour 1,hour 2,hour 3,hour 4,hour 5,hour 6,hour 7,hour 8,hour 9,hour 10,hour 11,hour 12,hour 13,hour 14,hour 15,hour 16,hour 17,hour 18,hour 19,hour 20,hour 21,hour 22,hour 23,hour 24
01/01/2023,0.03,0.07,0.07,-0.17,-0.06,-0.11,0.10,0.06,0.08,-0.04,0.09,-0.13,0.08,0.09,0.00,-0.17,-0.06,-0.05,-0.06,0.17,-0.07,-0.10,0.09,0.07
02/01/2023,-0.10,0.06,0.11,-0.07,-0.04,0.17,-0.05,-0.08,-0.11,-0.06,0.07,0.10,-0.02,0.05,0.12,-0.15,0.01,-0.04,0.15,-0.13,0.03,0.09,0.05,-0.17
03/01/2023,0.05,-0.16,0.12,0.00,-0.01,0.13,-0.16,0.03,0.01,0.08,0.08,-0.17,0.17,-0.06,-0.07,-0.04,-0.01,-0.08,-0.07,0.17,-0.11,0.07,-0.06,0.10
04/01/2023,0.04,-0.17,0.04,0.09,-0.07,-0.09,0.07,0.09,-0.12,-0.05,0.08,0.08,-0.06,-0.02,0.17,-0.09,0.07,0.10,-0.06,-0.11,0.17,0.00,-0.04,-0.12
05/01/2023,0.00,0.00,0.00,1.00,1.00,0.00,0.00,0.00,0.06,0.09,0.02,-0.17,-0.04,-0.09,-0.04,0.17,0.00,-1.00,-1.00,0.00,-0.06,-0.08,-0.02,0.17
06/01/2023,0.06,-0.08,-0.09,0.10,-0.13,-0.04,0.13,0.03,-0.06,-0.03,-0.08,0.17,-0.01,-0.10,-0.05,0.17,-0.11,-0.03,-0.03,0.17,-0.01,-0.07,-0.09,0.17
07/01/2023,0.07,0.02,0.07,-0.17,-0.10,-0.06,0.11,0.06,0.11,-0.12,-0.05,0.05,-0.02,0.05,0.11,-0.15,0.16,0.01,-0.04,-0.12,0.04,0.13,-0.10,-0.06
08/01/2023,-0.02,0.00,0.16,-0.15,-0.13,0.15,0.01,-0.03,-0.06,-0.01,-0.10,0.17,-0.08,-0.05,0.17,-0.04,0.00,-0.12,-0.05,0.17,-0.17,0.00,0.04,0.12
09/01/2023,0.00,0.00,0.00,1.00,0.00,0.00,1.00,0.00,0.00,-1.00,-1.00,0.00,-0.09,0.08,-0.08,0.09,0.00,0.00,0.00,0.00,0.09,-0.11,-0.05,0.07
10/01/2023,0.00,0.00,1.00,1.00,0.00,0.00,0.00,0.00,-1.00,-1.00,0.00,0.00,-0.06,-0.07,-0.04,0.17,-0.08,0.08,-0.09,0.09,-0.05,-0.02,-0.10,0.17
11/01/2023,0.17,-0.09,-0.04,-0.03,-0.07,-0.06,-0.03,0.17,-0.11,0.14,-0.06,0.03,-0.12,0.09,-0.04,0.07,0.08,0.03,0.05,-0.17,0.00,-0.07,-0.10,0.17
12/01/2023,-0.14,0.13,0.04,-0.02,-0.09,0.06,-0.08,0.10,0.17,-0.06,-0.04,-0.07,-0.03,0.03,-0.14,0.14,-0.07,-0.10,0.03,0.14,0.06,-0.07,-0.10,0.11
13/01/2023,0.07,0.09,-0.05,-0.11,0.09,0.06,0.02,-0.17,0.08,-0.01,0.08,-0.16,-0.07,-0.05,-0.05,0.17,0.08,-0.07,-0.09,0.09,0.04,0.12,-0.02,-0.15
14/01/2023,0.14,0.03,-0.17,0.00,0.12,-0.11,0.04,-0.06,0.05,-0.12,0.11,-0.05,0.10,-0.07,0.06,-0.10,0.12,0.05,-0.14,-0.03,0.10,-0.06,-0.11,0.07
15/01/2023,0.07,-0.17,0.04,0.06,0.15,-0.04,0.02,-0.12,0.17,-0.13,-0.03,0.00,-0.17,0.06,0.03,0.07,-0.09,0.11,-0.08,0.06,-0.04,-0.07,-0.06,0.17
16/01/2023,1.00,0.00,0.00,1.00,0.00,0.00,0.00,0.00,0.00,0.00,-1.00,0.00,0.00,0.00,0.00,0.00,-1.00,0.00,0.00,0.00,-0.01,-0.16,0.12,0.05
17/01/2023,0.00,0.00,0.00,0.00,1.00,1.00,0.00,0.00,0.00,-1.00,-1.00,0.00,0.05,-0.17,0.03,0.08,0.00,0.00,0.00,0.00,0.14,0.02,-0.08,-0.09
18/01/2023,-0.12,0.16,0.01,-0.05,0.10,-0.08,0.06,-0.08,0.11,-0.04,-0.13,0.06,0.01,0.07,-0.17,0.08,-0.01,-0.12,-0.03,0.17,0.05,0.11,-0.01,-0.16
19/01/2023,1.00,1.00,0.00,0.00,0.00,0.00,0.00,0.00,0.00,0.00,-1.00,0.00,0.00,0.00,0.00,0.00,0.00,-1.00,0.00,0.00,0.00,0.00,0.00,0.00
20/01/2023,0.00,0.00,0.00,1.00,1.00,0.00,0.00,0.00,0.00,0.00,-1.00,-1.00,-0.08,0.05,-0.08,0.11,0.00,0.00,0.00,0.00,0.00,0.16,-0.09,-0.08
21/01/2023,0.05,-0.10,0.12,-0.07,1.00,1.00,0.00,0.00,0.00,0.00,0.00,0.00,0.00,0.00,0.00,0.00,0.00,-1.00,0.00,0.00,0.00,-1.00,0.00,0.00
22/01/2023,1.00,0.00,0.00,1.00,0.00,0.00,0.00,0.00,0.00,0.00,0.00,0.00,-0.14,0.11,-0.02,0.06,0.00,0.00,0.00,-1.00,-1.00,0.00,0.00,0.00
23/01/2023,0.00,0.00,0.00,1.00,1.00,0.00,0.00,0.00,0.00,-1.00,0.00,0.00,-1.00,0.00,0.00,0.00,0.00,0.00,0.00,0.00,-0.05,-0.12,0.01,0.16
24/01/2023,0.00,0.00,0.00,1.00,1.00,0.00,0.00,0.00,0.00,0.00,0.00,0.00,-0.09,-0.05,-0.03,0.17,0.00,-1.00,-1.00,0.00,-0.09,0.13,-0.08,0.04
25/01/2023,0.00,0.00,0.00,1.00,1.00,0.00,0.00,0.00,-1.00,0.00,0.00,0.00,-1.00,0.00,0.00,0.00,-0.12,0.02,-0.05,0.15,-0.06,0.03,-0.10,0.14
26/01/2023,0.00,1.00,0.00,0.00,1.00,0.00,0.00,0.00,0.00,-1.00,-1.00,0.00,0.02,-0.05,-0.11,0.15,0.00,0.00,0.00,0.00,0.14,0.03,-0.01,-0.16
27/01/2023,1.00,0.00,0.00,1.00,0.00,0.00,0.00,0.00,0.00,0.00,0.00,0.00,0.08,0.08,-0.08,-0.09,0.00,-1.00,-1.00,0.00,0.00,0.00,0.00,0.00
28/01/2023,0.07,-0.06,0.10,-0.11,1.00,1.00,0.00,0.00,0.00,0.00,0.00,-1.00,0.00,0.00,0.00,0.00,0.00,0.00,-1.00,0.00,-0.07,0.08,0.09,-0.09
29/01/2023,0.11,0.06,-0.11,-0.05,-0.09,-0.07,-0.01,0.17,-0.04,0.04,-0.13,0.13,0.13,-0.11,-0.06,0.04,0.02,-0.15,-0.02,0.14,0.15,0.00,-0.17,0.02
30/01/2023,0.00,1.00,0.00,0.00,1.00,0.00,0.00,0.00,-1.00,-1.00,0.00,0.00,0.07,-0.12,-0.05,0.09,0.00,0.00,0.00,0.00,0.08,0.09,-0.09,-0.07
31/01/2023,0.13,-0.05,-0.12,0.04,0.03,0.13,-0.11,-0.06,0.01,0.10,0.06,-0.17,0.11,-0.01,0.06,-0.15,0.10,0.06,-0.08,-0.08,0.02,0.11,0.04,-0.17
01/02/2023,-0.13,0.04,-0.04,0.13,-0.03,-0.14,0.05,0.12,0.09,0.02,0.06,-0.17,-0.09,-0.08,0.08,0.08,-0.17,0.10,0.05,0.01,-0.03,-0.08,-0.06,0.17
02/02/2023,0.05,0.03,0.09,-0.17,-0.07,0.13,-0.09,0.03,0.09,0.08,-0.12,-0.05,-0.10,0.04,-0.07,0.13,-0.17,0.10,0.06,0.00,-0.10,-0.06,0.02,0.15
03/02/2023,-0.09,-0.08,0.11,0.05,0.01,0.13,0.03,-0.17,0.03,-0.17,0.03,0.11,-0.16,0.08,0.09,-0.01,-0.09,0.08,0.09,-0.07,0.08,-0.04,0.08,-0.13
04/02/2023,-0.10,0.04,0.13,-0.06,-0.06,-0.05,-0.05,0.17,0.01,-0.14,0.16,-0.02,0.09,-0.11,0.08,-0.05,0.03,0.07,0.07,-0.17,0.09,0.08,-0.08,-0.09
05/02/2023,-0.03,0.05,0.12,-0.13,-0.04,-0.04,-0.09,0.17,0.04,0.04,0.08,-0.17,0.17,-0.10,-0.02,-0.05,0.03,-0.08,-0.09,0.14,0.04,-0.01,0.12,-0.16
06/02/2023,-0.06,-0.02,-0.09,0.17,-0.10,-0.07,0.05,0.11,0.05,0.08,0.04,-0.17,-0.07,0.14,0.02,-0.10,0.08,-0.07,0.08,-0.09,0.06,0.11,-0.05,-0.12
07/02/2023,0.00,1.00,0.00,1.00,0.06,0.10,-0.06,-0.11,-1.00,-1.00,0.00,0.00,0.00,0.00,0.00,0.00,0.00,0.00,0.00,0.00,0.04,0.09,0.04,-0.17
08/02/2023,0.00,0.00,0.00,0.00,0.00,0.00,0.00,0.00,0.00,0.00,0.00,0.00,0.00,1.00,1.00,0.00,0.00,0.00,-1.00,-1.00,0.00,0.00,0.00,0.00
09/02/2023,0.00,0.00,1.00,0.00,1.00,0.00,0.00,0.00,0.00,0.00,0.00,0.00,0.04,-0.04,0.12,-0.13,0.00,-1.00,0.00,0.00,-1.00,0.00,0.00,0.00
10/02/2023,0.00,1.00,0.00,0.00,0.00,1.00,0.00,-1.00,-1.00,0.00,0.00,0.00,0.00,0.00,0.00,0.00,0.00,0.00,0.00,0.00,-0.17,0.07,0.00,0.10
11/02/2023,0.06,-0.11,-0.05,0.11,0.04,0.13,-0.07,-0.10,0.08,0.04,0.05,-0.17,-0.07,0.17,-0.05,-0.05,0.04,-0.06,-0.10,0.13,0.09,-0.16,-0.01,0.07
12/02/2023,-0.08,0.02,-0.09,0.15,0.06,-0.08,-0.08,0.11,-0.06,0.08,0.09,-0.10,0.00,1.00,1.00,0.00,0.00,0.00,-1.00,-1.00,0.03,0.09,0.05,-0.17
13/02/2023,0.04,0.01,0.11,-0.17,0.04,-0.08,-0.08,0.13,-0.16,0.05,0.12,0.00,-0.05,-0.12,0.09,0.07,0.05,-0.11,0.11,-0.06,-0.12,-0.05,0.07,0.09
14/02/2023,0.05,0.02,0.09,-0.17,-0.09,-0.08,0.09,0.08,-0.02,0.03,0.14,-0.15,0.08,-0.02,0.08,-0.15,-0.10,0.02,-0.07,0.15,0.04,0.13,-0.10,-0.07
15/02/2023,-0.11,-0.06,0.02,0.15,0.13,0.04,-0.04,-0.12,0.08,0.08,-0.06,-0.11,0.06,0.10,0.02,-0.17,0.08,-0.11,0.08,-0.06,0.15,-0.04,0.02,-0.12
16/02/2023,0.11,-0.11,-0.06,0.06,-0.04,-0.10,-0.03,0.17,0.05,0.10,0.02,-0.17,-0.06,-0.02,-0.09,0.17,0.08,-0.09,0.09,-0.08,0.10,0.01,0.06,-0.17
17/02/2023,0.15,-0.01,0.02,-0.15,-0.04,0.10,-0.12,0.07,-0.13,0.10,0.06,-0.04,0.05,0.11,-0.08,-0.09,0.11,-0.05,0.06,-0.11,-0.04,0.16,-0.12,0.01
18/02/2023,0.16,-0.03,0.01,-0.14,0.04,0.05,0.07,-0.17,-0.02,-0.11,-0.04,0.17,0.11,0.05,0.01,-0.17,-0.04,-0.06,0.17,-0.07,0.13,0.04,-0.08,-0.09
19/02/2023,0.01,0.11,0.04,-0.17,0.09,0.08,-0.05,-0.11,-0.06,0.00,-0.11,0.17,-0.08,0.00,-0.09,0.16,-0.07,0.17,-0.06,-0.03,-0.04,-0.06,-0.07,0.17
20/02/2023,1.00,0.00,0.00,0.00,0.00,-1.00,0.00,0.00,0.00,0.00,0.00,0.00,0.00,1.00,0.00,0.00,0.00,0.00,0.00,-1.00,0.00,0.00,0.00,0.00
21/02/2023,-0.04,-0.05,-0.08,0.17,-0.01,0.00,0.17,-0.16,-0.10,-0.07,0.07,0.10,-0.16,0.00,0.17,0.00,-0.14,0.03,0.14,-0.03,0.07,0.06,0.04,-0.17
22/02/2023,0.04,-0.09,-0.07,0.13,-0.12,0.05,0.12,-0.05,-0.12,0.03,-0.05,0.14,0.11,0.06,-0.05,-0.12,-0.07,-0.02,-0.08,0.17,-0.12,0.09,-0.05,0.08
23/02/2023,0.00,0.00,0.00,1.00,1.00,0.00,0.00,0.00,0.00,0.00,0.00,0.00,-0.07,-0.07,-0.03,0.17,0.00,0.00,-1.00,0.00,-1.00,0.00,0.00,0.00
24/02/2023,0.12,-0.11,-0.06,0.05,-0.10,-0.05,-0.01,0.17,0.17,-0.06,-0.06,-0.04,-0.17,0.10,0.06,0.00,-0.02,0.17,-0.03,-0.11,0.15,0.02,-0.16,-0.01
25/02/2023,0.00,0.02,0.14,-0.17,0.05,-0.10,-0.07,0.11,-0.16,0.00,0.16,0.01,0.09,0.02,-0.17,0.06,0.06,0.10,0.00,-0.17,-0.05,-0.05,-0.07,0.17
26/02/2023,-0.10,-0.07,0.11,0.06,0.09,-0.12,-0.04,0.07,0.12,0.02,-0.17,0.03,0.10,-0.13,0.06,-0.04,0.06,-0.02,-0.14,0.11,0.06,0.10,-0.12,-0.05
27/02/2023,0.17,-0.03,-0.03,-0.11,0.08,0.01,0.08,-0.17,-0.11,-0.05,0.12,0.05,0.04,-0.17,0.11,0.02,0.03,-0.05,0.14,-0.12,0.10,0.07,-0.06,-0.11
28/02/2023,-0.03,-0.05,-0.08,0.17,0.07,-0.10,-0.06,0.10,-0.04,0.09,-0.13,0.08,-0.03,0.06,-0.14,0.11,-0.08,-0.08,0.04,0.13,0.09,0.07,-0.01,-0.15
01/03/2023,0.08,0.08,-0.12,-0.05,-0.10,0.08,-0.07,0.09,0.00,0.00,0.00,0.00,1.00,1.00,0.00,0.00,0.00,0.00,-1.00,-1.00,-0.06,-0.11,0.01,0.16
02/03/2023,0.15,0.02,-0.02,-0.15,-0.05,0.15,0.02,-0.12,0.00,0.00,1.00,0.00,0.00,0.00,1.00,0.00,0.00,0.00,-1.00,0.00,-1.00,0.00,0.00,0.00
03/03/2023,0.00,0.00,0.00,0.00,1.00,1.00,0.00,-1.00,-1.00,0.00,0.00,0.00,-0.08,0.09,-0.09,0.07,0.00,0.09,0.08,-0.17,-0.10,0.10,0.07,-0.06
04/03/2023,0.04,-0.09,-0.08,0.13,0.00,0.00,0.00,1.00,0.00,0.00,-1.00,0.00,0.00,0.00,1.00,0.00,0.00,0.00,0.00,-1.00,0.00,0.00,0.00,0.00
05/03/2023,0.00,0.00,0.00,0.00,0.13,-0.14,0.03,-0.03,0.00,0.00,0.00,0.00,1.00,1.00,0.00,0.00,0.00,0.00,-1.00,-1.00,0.00,0.00,0.00,0.00
06/03/2023,0.00,0.00,0.00,1.00,1.00,0.00,0.00,-1.00,-1.00,0.00,0.00,0.00,-0.09,0.03,0.13,-0.08,-0.08,0.16,0.01,-0.09,0.15,-0.14,-0.03,0.02
07/03/2023,1.00,0.00,1.00,0.00,0.00,0.00,0.00,0.00,-1.00,0.00,-1.00,0.00,0.04,0.13,-0.01,-0.15,0.00,0.00,0.00,0.00,-0.04,0.06,-0.12,0.10
08/03/2023,-0.07,0.17,-0.09,-0.01,0.09,0.00,0.08,-0.17,0.06,-0.08,-0.09,0.10,-0.02,-0.01,-0.14,0.17,0.07,0.08,0.02,-0.17,-0.08,-0.01,-0.08,0.17
09/03/2023,0.06,0.05,0.05,-0.17,-0.16,-0.01,0.00,0.17,-0.17,0.02,0.02,0.12,-0.13,0.01,-0.03,0.16,0.05,0.04,0.07,-0.17,-0.11,0.04,0.13,-0.06
10/03/2023,0.00,0.00,0.00,0.00,1.00,-1.00,0.00,0.00,0.00,0.00,0.00,0.00,1.00,0.00,0.00,0.00,0.00,0.00,0.00,0.00,-1.00,0.00,0.00,0.00
11/03/2023,-0.06,-0.10,0.01,0.16,0.00,0.00,0.00,0.00,0.00,0.00,1.00,0.00,-1.00,0.00,0.00,1.00,0.00,0.00,0.00,-1.00,0.00,0.00,0.00,0.00
12/03/2023,-0.08,0.02,-0.09,0.15,-0.12,0.03,0.13,-0.05,-0.01,-0.06,-0.10,0.17,0.11,-0.11,0.06,-0.06,0.00,-0.11,0.16,-0.06,0.12,-0.12,-0.05,0.04
13/03/2023,0.12,-0.17,0.05,0.00,-0.11,-0.06,0.11,0.06,0.00,0.07,0.09,-0.17,0.09,-0.08,-0.09,0.08,-0.03,-0.13,0.01,0.15,-0.02,-0.14,0.09,0.08
14/03/2023,0.00,1.00,0.00,0.00,1.00,0.00,0.00,0.00,0.03,0.14,-0.09,-0.08,0.00,0.00,0.00,0.00,0.00,-1.00,-1.00,0.00,0.00,0.00,0.00,0.00
15/03/2023,-0.09,0.13,-0.07,0.03,-0.08,0.00,-0.08,0.17,-0.05,0.04,0.12,-0.11,0.06,0.04,0.06,-0.17,0.13,0.03,-0.10,-0.06,0.12,-0.11,-0.06,0.05
16/03/2023,-0.07,-0.09,0.05,0.12,0.14,-0.03,-0.14,0.03,0.01,-0.09,0.16,-0.07,0.10,-0.08,0.07,-0.08,0.00,-0.10,-0.07,0.17,0.09,-0.11,0.08,-0.05
17/03/2023,0.13,-0.12,0.04,-0.04,-0.10,-0.03,-0.04,0.17,0.10,-0.05,0.07,-0.12,-0.15,0.09,-0.02,0.08,-0.06,-0.07,-0.03,0.17,0.10,-0.08,-0.09,0.07
18/03/2023,-0.16,0.00,0.00,0.17,-0.09,-0.01,-0.07,0.17,0.00,0.00,0.00,1.00,0.00,0.00,1.00,0.00,0.00,0.00,0.00,-1.00,-1.00,0.00,0.00,0.00
19/03/2023,0.03,-0.09,-0.08,0.14,0.01,0.16,-0.02,-0.14,-0.08,0.08,-0.09,0.09,0.10,-0.13,0.06,-0.04,-0.10,0.15,-0.07,0.01,-0.12,0.07,-0.04,0.10
20/03/2023,0.05,-0.04,0.11,-0.13,-0.04,-0.12,0.04,0.13,-0.05,0.06,-0.11,0.10,0.00,0.09,0.08,-0.16,0.06,0.03,0.08,-0.17,-0.07,-0.07,-0.02,0.17
21/03/2023,0.08,0.08,-0.04,-0.13,0.17,0.00,-0.13,-0.03,-0.17,0.06,0.05,0.07,-0.08,-0.08,0.09,0.08,0.06,-0.01,0.11,-0.16,-0.09,0.03,-0.08,0.13
22/03/2023,0.05,-0.17,0.03,0.09,0.03,0.04,0.10,-0.17,-0.17,0.10,0.00,0.07,-0.07,0.17,-0.04,-0.06,-0.03,-0.11,0.17,-0.02,-0.12,0.04,0.13,-0.04
23/03/2023,0.00,0.00,0.00,0.00,0.00,0.00,0.00,0.00,0.00,0.00,0.00,0.00,1.00,1.00,0.00,0.00,0.00,0.00,-1.00,-1.00,0.13,0.02,0.01,-0.17
24/03/2023,-0.17,0.07,0.00,0.10,-0.09,-0.08,0.13,0.04,-0.04,-0.12,0.14,0.02,0.04,0.04,0.08,-0.17,-0.06,0.00,0.17,-0.10,-0.09,0.09,-0.08,0.08
25/03/2023,0.10,0.07,-0.02,-0.15,-0.03,-0.05,-0.09,0.17,0.08,0.05,0.03,-0.17,0.10,0.03,0.04,-0.17,-0.04,-0.13,0.05,0.12,-0.02,-0.09,-0.05,0.17
26/03/2023,0.06,-0.17,0.10,0.00,0.01,0.15,-0.16,0.00,0.07,0.09,-0.08,-0.08,0.04,-0.17,0.04,0.08,-0.09,-0.07,0.06,0.11,-0.13,0.15,-0.03,0.01
27/03/2023,0.01,-0.08,-0.08,0.16,-0.13,0.08,-0.04,0.08,-0.17,0.07,0.06,0.03,-0.12,0.11,0.05,-0.05,-0.13,0.01,-0.04,0.16,0.14,-0.09,0.02,-0.08
28/03/2023,0.13,0.01,-0.17,0.03,0.05,0.00,0.12,-0.17,-0.06,-0.07,0.17,-0.04,-0.04,-0.12,0.14,0.03,0.06,0.05,0.06,-0.17,-0.07,-0.01,-0.09,0.17
29/03/2023,1.00,0.00,0.00,0.00,0.00,0.00,0.00,0.00,-1.00,0.00,0.00,0.00,0.00,0.00,1.00,0.00,0.00,0.00,0.00,0.00,-1.00,0.00,0.00,0.00
30/03/2023,0.10,-0.16,-0.01,0.06,0.10,0.05,0.02,-0.17,-0.09,0.03,-0.07,0.14,0.00,0.00,1.00,1.00,0.00,0.00,0.00,-1.00,-1.00,0.00,0.00,0.00
31/03/2023,-0.07,0.15,-0.10,0.02,-0.01,0.09,0.08,-0.16,0.03,-0.10,0.14,-0.07,-0.11,-0.06,0.02,0.15,0.11,0.02,0.04,-0.17,0.12,0.00,0.05,-0.17
01/04/2023,0.00,0.00,0.00,0.00,0.00,1.00,0.00,1.00,0.00,-1.00,0.00,0.00,0.00,0.00,0.00,0.00,0.00,0.00,0.00,-1.00,0.00,0.00,0.00,0.00
02/04/2023,0.05,-0.01,-0.16,0.11,0.03,0.01,0.12,-0.17,0.00,1.00,0.00,0.00,-1.00,0.00,0.00,1.00,0.00,0.00,0.00,0.00,-1.00,0.00,0.00,0.00
03/04/2023,0.00,0.00,0.00,1.00,0.00,0.00,0.00,0.00,-1.00,0.00,0.00,0.00,0.00,0.00,1.00,0.00,0.00,0.00,0.00,0.00,-1.00,0.00,0.00,0.00
04/04/2023,0.00,1.00,0.00,1.00,0.00,0.00,0.00,0.00,-1.00,0.00,0.00,0.00,0.00,0.00,0.00,0.00,0.00,0.00,0.00,0.00,-1.00,0.00,0.00,0.00
05/04/2023,0.00,0.00,1.00,0.00,1.00,0.00,0.00,-1.00,-1.00,0.00,0.00,0.00,0.00,0.00,0.00,0.00,0.00,0.00,0.00,0.00,0.00,0.00,0.00,0.00
06/04/2023,0.00,0.00,1.00,0.00,1.00,0.00,0.00,-1.00,-1.00,0.00,0.00,0.00,0.00,0.00,0.00,0.00,0.09,0.08,-0.16,-0.01,0.00,0.00,0.00,0.00
07/04/2023,0.00,0.00,0.00,1.00,1.00,0.00,0.00,0.00,-1.00,-1.00,0.00,0.00,0.00,0.00,0.00,0.00,0.00,0.00,0.00,0.00,0.00,0.00,0.00,0.00
08/04/2023,0.16,-0.14,0.01,-0.03,0.07,-0.10,0.10,-0.07,-0.04,-0.09,-0.03,0.17,0.00,1.00,1.00,0.00,0.00,0.00,0.00,-1.00,0.00,-1.00,0.00,0.00
09/04/2023,0.12,-0.14,-0.03,0.05,-0.05,-0.07,-0.05,0.17,-0.02,0.17,-0.12,-0.03,0.00,0.00,1.00,1.00,0.00,0.00,0.00,0.00,-1.00,-1.00,0.00,0.00
10/04/2023,-0.03,0.08,0.09,-0.13,0.01,-0.17,0.11,0.05,0.01,-0.17,0.05,0.11,0.00,1.00,0.00,1.00,0.00,0.00,0.00,0.00,-1.00,-1.00,0.00,0.00
11/04/2023,0.00,1.00,1.00,0.00,0.00,0.00,0.00,0.00,-1.00,0.00,0.00,0.00,0.03,0.06,0.08,-0.17,0.00,0.00,0.00,0.00,-1.00,0.00,0.00,0.00
12/04/2023,0.00,1.00,0.00,0.00,0.00,0.00,0.00,0.00,0.00,-1.00,0.00,0.00,0.00,1.00,0.00,0.00,0.00,0.00,0.00,-1.00,0.00,0.00,0.00,0.00
13/04/2023,0.00,0.00,0.00,1.00,0.00,0.00,0.00,0.00,0.08,0.06,-0.17,0.02,0.00,0.00,0.00,1.00,0.00,0.00,0.00,0.00,-1.00,-1.00,0.00,0.00
14/04/2023,0.00,0.00,0.00,0.00,1.00,0.00,0.00,0.00,-1.00,0.00,0.00,0.00,0.00,1.00,0.00,0.00,0.00,0.00,0.00,0.00,-1.00,0.00,0.00,0.00
15/04/2023,-0.05,-0.02,-0.09,0.17,0.06,0.11,-0.07,-0.10,-0.04,-0.07,-0.05,0.17,0.00,1.00,0.00,0.00,1.00,0.00,0.00,0.00,-1.00,0.00,-1.00,0.00
16/04/2023,0.06,0.10,-0.04,-0.13,1.00,0.00,0.00,0.00,0.00,0.00,0.00,0.00,0.00,0.00,1.00,0.00,0.00,0.00,0.00,-1.00,-1.00,0.00,0.00,0.00
17/04/2023,1.00,0.00,0.00,1.00,0.00,0.00,0.00,0.00,-1.00,0.00,-1.00,0.00,0.00,0.00,0.00,0.00,-0.17,0.12,0.01,0.04,0.08,0.05,0.04,-0.17
18/04/2023,0.03,-0.12,-0.04,0.14,-0.16,-0.01,0.07,0.09,0.06,-0.05,0.11,-0.11,0.04,-0.15,-0.02,0.13,0.05,0.12,-0.12,-0.04,-0.10,-0.07,0.08,0.09
19/04/2023,-0.01,-0.05,-0.11,0.17,-0.07,-0.03,-0.07,0.17,-0.01,0.10,0.07,-0.16,0.00,1.00,1.00,0.00,0.00,0.00,0.00,-1.00,0.00,-1.00,0.00,0.00
20/04/2023,0.06,0.04,0.06,-0.17,-0.04,0.06,0.11,-0.13,-0.07,-0.07,0.17,-0.02,0.08,0.00,0.08,-0.17,0.01,0.08,0.08,-0.17,-0.07,-0.09,0.01,0.16
21/04/2023,0.10,-0.08,0.07,-0.08,-0.02,0.10,-0.15,0.06,0.09,-0.04,-0.13,0.08,0.00,1.00,0.00,1.00,0.00,0.00,-1.00,-1.00,0.00,0.00,0.00,0.00
22/04/2023,0.10,-0.08,0.07,-0.09,0.00,0.00,0.00,0.00,0.07,-0.11,0.09,-0.06,0.00,1.00,1.00,0.00,0.00,0.00,-1.00,-1.00,0.00,0.00,0.00,0.00
23/04/2023,-0.13,0.15,0.01,-0.04,-0.03,-0.14,-0.01,0.17,-0.05,-0.07,-0.04,0.17,0.00,0.00,1.00,1.00,0.00,0.00,0.00,0.00,-1.00,-1.00,0.00,0.00
24/04/2023,0.00,1.00,1.00,0.00,0.00,0.00,0.00,0.00,0.02,-0.04,0.14,-0.13,0.06,-0.08,-0.09,0.11,0.00,0.00,0.00,-1.00,-1.00,0.00,0.00,0.00
25/04/2023,0.00,0.00,0.00,0.00,0.00,0.00,0.00,0.00,-0.17,0.00,0.01,0.16,0.00,0.00,1.00,0.00,1.00,0.00,0.00,0.00,-1.00,-1.00,0.00,0.00
26/04/2023,-0.12,-0.04,0.15,0.01,-0.10,0.17,-0.02,-0.05,-0.11,-0.06,0.01,0.16,0.04,0.10,0.02,-0.17,0.05,0.11,-0.09,-0.08,-0.07,-0.10,0.09,0.08
27/04/2023,0.00,0.00,0.00,0.00,0.00,0.00,0.00,0.00,0.00,0.00,0.00,0.00,0.00,0.00,0.00,1.00,1.00,0.00,0.00,0.00,-1.00,0.00,-1.00,0.00
28/04/2023,0.00,0.00,1.00,-1.00,1.00,0.00,0.00,0.00,-1.00,0.00,0.00,0.00,0.00,0.00,0.00,0.00,0.00,0.00,0.00,0.00,0.00,0.00,0.00,0.00
29/04/2023,-0.04,-0.05,-0.08,0.17,0.00,0.00,0.00,1.00,0.00,0.00,1.00,0.00,-1.00,0.00,0.00,0.00,0.00,0.00,0.00,-1.00,0.00,0.00,0.00,0.00
30/04/2023,0.07,-0.05,-0.12,0.10,-0.11,0.14,-0.05,0.03,-0.06,-0.07,-0.04,0.17,0.00,1.00,0.00,1.00,0.00,0.00,0.00,-1.00,0.00,-1.00,0.00,0.00
01/05/2023,-0.08,0.13,-0.09,0.03,-0.08,-0.09,0.07,0.10,0.00,0.00,0.00,0.00,0.00,0.00,0.00,1.00,0.00,1.00,0.00,0.00,-1.00,-1.00,0.00,0.00
02/05/2023,0.04,0.08,-0.17,0.05,-0.07,0.07,-0.09,0.10,-0.12,0.06,0.10,-0.04,0.03,-0.07,-0.09,0.14,0.11,-0.03,-0.14,0.06,-0.04,-0.05,-0.07,0.17
03/05/2023,-0.09,0.00,-0.08,0.16,-0.07,0.07,-0.10,0.10,-0.11,0.17,0.00,-0.05,0.00,0.00,1.00,1.00,0.00,0.00,0.00,0.00,0.00,-1.00,-1.00,0.00
04/05/2023,0.00,0.00,1.00,0.00,0.00,0.00,0.00,-1.00,0.00,0.00,0.00,0.00,0.00,0.00,1.00,0.00,0.00,0.00,0.00,0.00,0.00,-1.00,0.00,0.00
05/05/2023,0.00,0.00,0.00,1.00,0.00,0.00,0.00,0.00,0.00,0.00,0.00,-1.00,0.00,1.00,-1.00,0.00,0.00,0.00,0.00,0.00,0.00,0.00,0.00,0.00
06/05/2023,-0.07,-0.10,0.13,0.04,-0.01,0.06,-0.15,0.11,0.00,0.00,0.00,0.00,1.00,0.00,1.00,0.00,0.00,0.00,-1.00,0.00,0.00,-1.00,0.00,0.00
07/05/2023,0.00,0.00,0.00,0.00,0.00,0.00,0.00,0.00,-0.08,0.08,0.09,-0.09,1.00,1.00,0.00,0.00,0.00,0.00,-1.00,-1.00,0.00,0.00,0.00,0.00
08/05/2023,-0.01,-0.13,-0.03,0.17,0.07,0.04,0.05,-0.17,0.00,0.00,0.00,1.00,1.00,0.00,0.00,0.00,0.00,0.00,-1.00,-1.00,0.00,0.00,0.00,0.00
09/05/2023,0.00,0.00,0.00,1.00,0.00,0.00,0.00,0.00,0.00,0.00,1.00,0.00,0.00,0.00,0.00,0.00,0.00,0.00,0.00,-1.00,-1.00,0.00,0.00,0.00
10/05/2023,0.11,0.06,-0.07,-0.10,-0.07,0.05,-0.10,0.12,-0.17,0.04,0.10,0.03,0.01,0.16,-0.07,-0.10,-0.12,0.09,-0.04,0.08,0.05,0.02,0.10,-0.17
11/05/2023,0.00,0.00,0.00,1.00,1.00,0.00,0.00,0.00,-1.00,0.00,0.00,0.00,-0.04,-0.13,0.04,0.12,0.00,0.00,0.00,0.00,0.00,0.00,-1.00,0.00
12/05/2023,-0.12,-0.05,0.03,0.14,-0.10,-0.03,-0.03,0.17,0.09,0.03,0.05,-0.17,-0.15,-0.01,0.14,0.03,0.05,0.09,0.03,-0.17,-0.08,-0.08,0.02,0.15
13/05/2023,0.09,0.04,0.04,-0.17,-0.08,-0.02,-0.07,0.17,-0.12,-0.04,0.00,0.17,0.00,1.00,0.00,1.00,0.00,0.00,0.00,-1.00,0.00,0.00,-1.00,0.00
14/05/2023,-0.06,0.09,0.08,-0.10,-0.14,0.17,-0.02,-0.01,1.00,0.00,-1.00,0.00,0.00,1.00,0.00,0.00,0.00,0.00,0.00,0.00,-1.00,0.00,0.00,0.00
15/05/2023,0.00,0.00,0.00,0.00,0.00,1.00,0.00,0.00,-1.00,0.00,0.00,0.00,0.00,0.00,0.00,1.00,-1.00,0.00,0.00,0.00,0.00,0.00,0.00,0.00
16/05/2023,0.10,-0.05,-0.12,0.07,-0.06,-0.03,-0.07,0.17,-0.07,0.09,0.08,-0.10,0.00,0.12,0.05,-0.16,-0.04,0.06,0.11,-0.13,0.13,-0.09,0.03,-0.08
17/05/2023,0.14,0.00,0.03,-0.16,-0.05,0.13,0.04,-0.12,0.07,-0.06,-0.11,0.09,0.00,0.00,1.00,1.00,0.00,0.00,0.00,0.00,-1.00,0.00,-1.00,0.00
18/05/2023,-0.16,0.00,0.05,0.12,0.00,-0.17,0.13,0.04,0.06,-0.05,-0.11,0.11,0.00,1.00,1.00,0.00,0.00,0.00,0.00,0.00,0.00,-1.00,-1.00,0.00
19/05/2023,0.08,0.09,-0.09,-0.08,0.04,0.12,-0.17,0.01,-0.09,-0.07,0.09,0.08,0.00,1.00,1.00,0.00,0.00,0.00,0.00,-1.00,-1.00,0.00,0.00,0.00
20/05/2023,0.11,0.05,-0.17,0.01,0.03,0.13,-0.01,-0.16,0.00,0.00,0.00,1.00,0.00,0.00,1.00,0.00,0.00,0.00,0.00,0.00,0.00,-1.00,-1.00,0.00
21/05/2023,0.03,-0.03,-0.13,0.13,-0.06,0.03,-0.11,0.14,-0.11,-0.03,0.17,-0.03,0.00,0.00,1.00,1.00,0.00,0.00,0.00,0.00,-1.00,-1.00,0.00,0.00
22/05/2023,0.00,0.00,0.00,1.00,1.00,0.00,-1.00,-1.00,0.00,0.00,0.00,0.00,0.00,0.00,0.00,0.00,0.04,0.04,0.08,-0.17,0.00,0.00,0.00,0.00
23/05/2023,-0.05,-0.05,-0.07,0.17,0.03,0.13,-0.12,-0.05,-0.10,0.07,-0.07,0.10,0.00,0.00,0.00,1.00,1.00,0.00,0.00,-1.00,0.00,0.00,-1.00,0.00
24/05/2023,0.00,0.00,0.00,0.00,1.00,0.00,1.00,0.00,-1.00,0.00,0.00,0.00,0.00,0.00,0.00,0.00,0.00,0.00,0.00,0.00,-1.00,0.00,0.00,0.00
25/05/2023,-0.08,-0.07,-0.02,0.17,-0.01,0.17,-0.04,-0.12,-0.12,0.12,0.05,-0.04,-0.01,-0.09,-0.07,0.17,0.09,0.05,-0.17,0.03,0.08,0.03,0.06,-0.17
26/05/2023,0.02,-0.11,-0.06,0.14,0.09,0.08,-0.14,-0.03,0.06,-0.12,0.11,-0.04,0.00,0.00,1.00,1.00,0.00,0.00,0.00,0.00,0.00,-1.00,-1.00,0.00
27/05/2023,0.03,0.12,-0.17,0.01,0.02,-0.03,-0.14,0.14,0.00,0.00,0.00,0.00,0.00,0.00,1.00,1.00,0.00,0.00,0.00,-1.00,0.00,-1.00,0.00,0.00
28/05/2023,0.12,-0.13,0.05,-0.04,0.08,0.08,-0.06,-0.11,-0.02,0.10,0.07,-0.15,0.00,0.00,1.00,1.00,0.00,0.00,0.00,0.00,-1.00,0.00,-1.00,0.00
29/05/2023,0.00,0.00,0.00,0.00,-0.04,-0.05,-0.08,0.17,-0.05,0.06,-0.12,0.11,0.00,0.00,1.00,1.00,0.00,0.00,0.00,-1.00,0.00,0.00,-1.00,0.00
30/05/2023,-0.06,-0.06,-0.04,0.17,0.05,0.06,0.07,-0.17,0.14,-0.07,-0.10,0.02,-0.03,0.08,0.08,-0.14,-0.07,-0.07,-0.02,0.17,-0.04,0.17,-0.07,-0.06
31/05/2023,0.10,0.06,-0.04,-0.13,0.01,-0.11,-0.06,0.16,-0.09,0.03,-0.07,0.13,0.00,0.00,1.00,1.00,0.00,0.00,0.00,0.00,-1.00,-1.00,0.00,0.00
01/06/2023,0.06,0.00,-0.16,0.11,0.03,-0.04,-0.13,0.14,-0.04,0.07,0.10,-0.13,0.00,1.00,1.00,0.00,0.00,0.00,0.00,-1.00,0.00,-1.00,0.00,0.00
02/06/2023,0.09,0.02,0.06,-0.17,-0.07,-0.07,-0.03,0.17,1.00,-1.00,0.00,0.00,0.00,0.00,1.00,0.00,-0.01,0.04,-0.16,0.12,0.00,-1.00,0.00,0.00
03/06/2023,-0.10,-0.06,-0.01,0.17,-0.09,0.08,0.09,-0.08,-0.02,0.09,0.07,-0.14,0.00,1.00,1.00,0.00,0.00,0.00,0.00,-1.00,0.00,0.00,-1.00,0.00
04/06/2023,0.10,0.03,0.04,-0.17,0.08,0.08,-0.14,-0.03,0.00,0.00,0.00,0.00,0.00,0.00,1.00,1.00,0.00,0.00,-1.00,-1.00,0.00,0.00,0.00,0.00
05/06/2023,0.08,0.09,-0.06,-0.11,-0.01,-0.06,-0.10,0.17,-0.05,-0.01,-0.11,0.17,0.01,0.16,-0.17,0.00,0.11,-0.07,0.06,-0.10,0.07,0.03,0.07,-0.17
06/06/2023,0.09,-0.07,0.08,-0.09,0.00,0.00,1.00,0.00,-1.00,0.00,0.00,0.00,1.00,0.00,0.00,0.00,0.00,0.00,0.00,0.00,0.00,0.00,-1.00,0.00
07/06/2023,0.06,0.11,0.00,-0.17,0.08,-0.09,-0.08,0.08,0.00,0.10,0.06,-0.17,0.02,0.15,-0.06,-0.11,0.01,0.07,0.09,-0.17,-0.11,-0.05,0.12,0.05
08/06/2023,0.09,0.07,-0.04,-0.13,-0.01,0.08,0.09,-0.16,0.15,-0.02,0.01,-0.14,0.06,-0.02,0.11,-0.15,-0.02,-0.07,-0.07,0.17,-0.03,-0.14,0.08,0.09
09/06/2023,-0.06,-0.10,0.11,0.06,0.06,-0.03,0.10,-0.13,0.00,0.00,0.00,0.00,0.00,1.00,0.00,0.00,1.00,0.00,0.00,-1.00,0.00,0.00,-1.00,0.00
10/06/2023,0.01,-0.11,-0.06,0.16,-0.09,-0.08,0.11,0.05,-0.01,0.13,-0.15,0.04,-0.03,0.09,-0.14,0.07,0.02,0.06,0.09,-0.17,-0.08,-0.08,0.07,0.09
11/06/2023,0.06,-0.15,0.11,-0.02,0.11,-0.13,-0.04,0.06,0.00,0.00,0.00,0.00,0.00,1.00,1.00,0.00,0.00,0.00,0.00,0.00,0.00,-1.00,-1.00,0.00
12/06/2023,-0.12,-0.05,0.09,0.07,-0.04,0.11,-0.12,0.06,-0.06,-0.11,0.07,0.09,-0.12,-0.04,0.10,0.07,-0.15,-0.02,0.13,0.04,-0.04,0.07,0.10,-0.12
13/06/2023,0.09,-0.04,-0.12,0.08,-0.08,-0.09,0.13,0.04,-0.12,-0.04,0.00,0.17,0.09,0.07,-0.09,-0.08,0.00,0.05,0.11,-0.17,0.03,-0.08,-0.08,0.14
14/06/2023,-0.01,0.06,0.10,-0.16,0.06,0.06,0.05,-0.17,-0.13,-0.04,0.02,0.14,0.00,1.00,1.00,0.00,0.00,0.00,0.00,0.00,-1.00,-1.00,0.00,0.00
15/06/2023,0.11,0.05,-0.02,-0.15,0.03,-0.08,-0.08,0.14,0.00,0.00,0.00,1.00,1.00,0.00,0.00,0.00,0.00,0.00,0.00,0.00,-1.00,-1.00,0.00,0.00
16/06/2023,-0.12,-0.04,0.02,0.14,-0.15,-0.02,0.16,0.00,0.03,0.12,0.01,-0.17,0.00,1.00,1.00,0.00,0.06,0.09,0.02,-0.17,0.00,-1.00,-1.00,0.00
17/06/2023,-0.10,0.08,-0.07,0.09,-0.07,0.08,0.09,-0.10,-0.14,0.14,0.02,-0.02,0.00,1.00,0.00,1.00,-0.07,0.09,-0.09,0.08,-1.00,0.00,-1.00,0.00
18/06/2023,0.01,0.07,0.08,-0.17,-0.09,0.10,0.07,-0.08,0.08,0.08,-0.04,-0.13,0.17,-0.09,-0.06,-0.02,0.00,0.08,-0.17,0.08,-0.17,0.03,0.04,0.09
19/06/2023,0.09,-0.03,0.07,-0.14,0.17,0.00,-0.14,-0.02,0.05,0.05,0.06,-0.17,0.08,0.07,0.02,-0.17,0.09,-0.04,-0.13,0.07,-0.01,-0.08,-0.07,0.17
20/06/2023,0.00,0.00,0.00,0.00,0.00,1.00,1.00,0.00,0.03,0.06,0.07,-0.17,0.00,0.00,0.00,0.00,0.00,0.00,0.00,-1.00,-1.00,0.00,0.00,0.00
21/06/2023,-0.15,0.14,0.02,-0.01,1.00,0.00,0.00,0.00,0.00,0.00,0.00,1.00,0.00,0.00,0.00,0.00,0.00,0.00,0.00,-1.00,0.00,-1.00,0.00,0.00
22/06/2023,0.00,0.00,0.00,0.00,0.00,0.00,1.00,0.00,0.00,0.00,1.00,0.00,0.00,0.00,0.00,0.00,0.00,0.00,0.00,-1.00,0.00,0.00,-1.00,0.00
23/06/2023,0.08,0.01,0.08,-0.17,-0.13,0.14,-0.03,0.03,0.05,-0.10,-0.06,0.12,0.00,0.00,1.00,0.00,1.00,0.00,0.00,0.00,-1.00,-1.00,0.00,0.00
24/06/2023,0.05,-0.06,-0.11,0.12,-0.07,-0.07,-0.03,0.17,-0.07,-0.06,-0.04,0.17,0.00,1.00,1.00,0.00,0.00,0.00,0.00,0.00,-1.00,0.00,-1.00,0.00
25/06/2023,-0.11,-0.06,0.07,0.09,0.00,0.00,0.00,0.00,0.00,1.00,0.00,0.00,0.00,0.00,0.00,1.00,0.00,0.00,0.00,0.00,0.00,-1.00,-1.00,0.00
26/06/2023,0.00,0.00,0.00,0.00,0.00,0.00,0.00,0.00,0.00,0.00,0.00,1.00,0.00,0.00,1.00,0.00,0.00,0.00,0.00,0.00,-1.00,0.00,-1.00,0.00
27/06/2023,0.00,0.00,0.00,1.00,0.00,0.00,0.00,0.00,0.00,0.00,1.00,0.00,0.00,0.00,0.00,0.00,0.00,0.00,0.00,0.00,0.00,-1.00,-1.00,0.00
28/06/2023,0.00,1.00,0.00,0.00,0.00,0.00,0.00,0.00,0.00,0.00,0.00,0.00,0.00,0.00,0.00,1.00,0.00,0.00,0.00,-1.00,-1.00,0.00,0.00,0.00
29/06/2023,0.00,0.00,1.00,0.00,0.00,0.00,0.00,0.00,-1.00,0.00,0.00,0.00,1.00,0.00,0.00,0.00,0.00,-1.00,0.00,0.00,0.00,0.00,0.00,0.00
30/06/2023,0.00,0.00,0.00,0.00,0.00,0.00,0.00,0.00,1.00,0.00,0.00,0.00,0.00,1.00,0.00,0.00,0.00,0.00,0.00,0.00,-1.00,0.00,-1.00,0.00
01/07/2023,0.00,0.00,0.00,0.00,0.00,1.00,0.00,0.00,0.13,0.03,-0.17,0.00,0.00,0.00,1.00,0.00,0.00,0.00,-1.00,0.00,0.00,0.00,-1.00,0.00
02/07/2023,-0.11,0.07,0.10,-0.06,0.07,0.10,-0.08,-0.09,-0.13,0.14,0.03,-0.04,0.00,0.00,0.00,1.00,1.00,0.00,0.00,0.00,0.00,-1.00,-1.00,0.00
03/07/2023,-0.14,0.05,0.12,-0.03,-0.04,-0.07,-0.05,0.17,0.08,0.07,0.02,-0.17,-0.08,0.07,-0.09,0.10,-0.09,-0.07,0.01,0.15,0.13,-0.17,0.01,0.03
04/07/2023,0.00,0.00,0.00,1.00,0.00,0.00,0.00,0.00,0.00,0.00,0.00,0.00,0.00,1.00,0.00,0.00,0.00,0.00,0.00,-1.00,-1.00,0.00,0.00,0.00
05/07/2023,-0.11,0.07,0.10,-0.06,-0.07,-0.03,-0.07,0.17,0.08,0.08,-0.01,-0.15,1.00,0.00,1.00,0.00,0.00,0.00,0.00,-1.00,0.00,0.00,-1.00,0.00
06/07/2023,0.00,0.00,0.00,0.00,0.00,0.00,0.00,0.00,0.00,1.00,1.00,0.00,0.00,0.00,0.00,0.00,0.00,0.00,0.00,0.00,0.00,-1.00,-1.00,0.00
07/07/2023,-0.09,-0.05,-0.03,0.17,1.00,-1.00,0.00,0.00,0.13,-0.11,0.04,-0.06,0.00,0.00,1.00,0.00,0.00,0.00,0.00,0.00,-1.00,0.00,0.00,0.00
08/07/2023,0.07,-0.14,-0.03,0.10,0.09,-0.03,-0.13,0.08,0.00,0.00,0.00,1.00,0.00,0.00,-1.00,1.00,-0.10,0.01,-0.07,0.16,-1.00,0.00,0.00,0.00
09/07/2023,0.05,0.11,-0.12,-0.05,-0.05,-0.12,0.10,0.07,0.07,0.01,0.08,-0.17,0.00,1.00,1.00,0.00,0.00,0.00,0.00,0.00,-1.00,-1.00,0.00,0.00
10/07/2023,-0.09,-0.05,-0.02,0.17,0.02,0.14,-0.16,-0.01,0.07,-0.06,0.09,-0.11,0.00,0.00,1.00,0.00,1.00,0.00,0.00,-1.00,-1.00,0.00,0.00,0.00
11/07/2023,0.04,0.04,0.08,-0.17,-0.15,0.03,0.13,-0.02,0.08,0.02,0.06,-0.17,1.00,1.00,0.00,0.00,0.00,0.00,0.00,-1.00,0.00,0.00,-1.00,0.00
12/07/2023,0.00,-0.14,-0.02,0.17,-0.09,-0.08,0.08,0.09,-0.17,0.02,0.08,0.07,0.00,0.00,1.00,1.00,0.00,0.00,0.00,0.00,-1.00,0.00,-1.00,0.00
13/07/2023,0.00,0.00,0.00,0.00,0.00,0.00,0.00,0.00,-0.11,0.11,0.05,-0.06,0.00,0.00,1.00,1.00,0.00,0.00,0.00,-1.00,0.00,-1.00,0.00,0.00
14/07/2023,0.00,0.00,0.00,0.00,0.00,0.00,0.00,0.00,0.00,0.00,0.00,0.00,1.00,0.00,0.00,0.00,1.00,0.00,0.00,0.00,0.00,-1.00,-1.00,0.00
15/07/2023,0.08,0.04,0.05,-0.17,0.05,-0.06,-0.11,0.12,0.00,0.00,0.00,1.00,0.00,0.00,0.00,0.00,0.00,1.00,0.00,0.00,-1.00,-1.00,0.00,0.00
16/07/2023,-0.13,0.08,-0.04,0.09,-0.04,0.09,-0.13,0.08,0.17,-0.11,0.00,-0.06,0.00,0.00,1.00,1.00,0.00,0.00,0.00,0.00,-1.00,0.00,-1.00,0.00
17/07/2023,-0.04,-0.06,-0.07,0.17,0.13,0.03,-0.11,-0.06,0.00,0.00,0.00,1.00,0.00,0.00,1.00,0.00,-0.04,0.09,0.08,-0.13,0.00,-1.00,-1.00,0.00
18/07/2023,0.00,0.00,0.00,1.00,0.00,0.00,0.00,0.00,0.00,0.00,0.00,0.00,0.00,0.00,0.00,1.00,0.00,0.00,0.00,-1.00,-1.00,0.00,0.00,0.00
19/07/2023,0.00,0.00,-0.16,0.17,0.00,0.00,0.00,0.00,0.00,0.00,0.00,0.00,0.00,1.00,1.00,0.00,0.00,0.00,0.00,-1.00,0.00,0.00,-1.00,0.00
20/07/2023,0.00,0.00,0.00,1.00,1.00,0.00,0.00,0.00,-0.06,-0.05,-0.06,0.17,0.00,0.00,0.00,0.00,0.00,0.00,0.00,-1.00,0.00,-1.00,0.00,0.00
21/07/2023,0.06,0.04,0.07,-0.17,-0.06,0.13,-0.11,0.04,-0.02,-0.10,-0.05,0.17,0.11,-0.09,-0.08,0.06,-0.09,0.00,-0.08,0.17,0.04,0.07,-0.17,0.06
22/07/2023,0.08,-0.15,-0.02,0.09,0.08,0.04,0.05,-0.17,0.06,-0.09,0.11,-0.07,0.00,1.00,1.00,0.00,-0.03,0.13,0.04,-0.13,-1.00,-1.00,0.00,0.00
23/07/2023,0.09,-0.09,-0.08,0.08,-0.08,-0.06,-0.03,0.17,0.00,1.00,1.00,0.00,0.00,0.00,0.00,0.00,0.07,-0.06,-0.10,0.09,0.00,-1.00,-1.00,0.00
24/07/2023,0.10,-0.02,0.06,-0.14,-0.06,-0.03,-0.08,0.17,-0.02,-0.06,-0.09,0.17,0.08,0.05,0.03,-0.17,0.08,-0.17,0.02,0.06,-0.03,-0.06,-0.07,0.17
25/07/2023,0.01,0.09,0.06,-0.17,1.00,0.00,0.00,0.00,0.00,0.00,0.00,0.00,0.00,0.00,0.00,0.00,1.00,0.00,0.00,-1.00,-1.00,0.00,0.00,0.00
26/07/2023,-0.10,-0.06,0.09,0.07,1.00,0.00,0.00,0.00,0.00,0.00,0.00,1.00,0.00,0.00,0.00,0.00,0.00,0.00,0.00,-1.00,-1.00,0.00,0.00,0.00
27/07/2023,0.00,0.00,1.00,1.00,0.00,0.00,0.00,0.00,0.07,0.10,-0.05,-0.12,0.16,0.00,0.00,-0.17,0.00,0.00,0.00,0.00,0.00,-1.00,-1.00,0.00
28/07/2023,0.00,0.00,0.00,0.00,1.00,0.00,0.00,0.00,0.00,0.00,0.00,0.00,0.00,0.00,0.00,0.00,0.00,1.00,0.00,-1.00,-1.00,0.00,0.00,0.00
29/07/2023,0.02,0.14,-0.15,-0.01,-0.07,-0.05,-0.05,0.17,0.03,-0.14,-0.03,0.14,0.00,1.00,1.00,0.00,0.00,0.00,0.00,0.00,-1.00,0.00,-1.00,0.00
30/07/2023,-0.08,0.02,-0.09,0.15,0.06,0.05,0.06,-0.17,-0.14,-0.02,0.01,0.15,0.00,1.00,0.00,1.00,0.07,-0.07,0.09,-0.10,-1.00,-1.00,0.00,0.00
31/07/2023,1.00,0.00,1.00,0.00,0.00,0.00,0.00,0.00,-0.16,0.00,0.16,0.01,0.02,0.14,-0.03,-0.14,0.00,0.00,0.00,-1.00,-1.00,0.00,0.00,0.00
01/08/2023,0.05,-0.03,-0.13,0.12,0.04,0.06,0.07,-0.17,0.08,0.08,-0.07,-0.09,0.15,0.02,-0.11,-0.06,-0.07,-0.10,0.05,0.12,0.05,0.06,0.06,-0.17
02/08/2023,0.08,0.03,0.05,-0.17,-0.09,0.05,0.11,-0.07,-0.11,0.06,0.11,-0.06,0.00,0.00,1.00,0.00,1.00,0.00,0.00,-1.00,-1.00,0.00,0.00,0.00
03/08/2023,0.07,-0.04,-0.13,0.10,0.03,-0.07,-0.09,0.14,-0.09,-0.08,0.05,0.12,0.11,0.00,0.06,-0.16,-0.05,-0.07,-0.04,0.17,-0.09,-0.05,-0.02,0.17
04/08/2023,0.17,-0.03,-0.09,-0.05,-0.09,0.00,-0.08,0.17,-0.04,-0.07,-0.06,0.17,0.02,-0.14,-0.03,0.15,0.07,0.03,0.06,-0.17,-0.17,0.00,0.02,0.14
05/08/2023,0.00,0.09,0.08,-0.16,0.06,0.05,0.06,-0.17,-0.02,-0.05,-0.10,0.17,-0.09,-0.08,0.01,0.15,0.04,-0.11,-0.05,0.13,0.10,-0.12,-0.05,0.07
06/08/2023,-0.09,0.13,0.04,-0.07,-0.05,0.06,0.11,-0.12,-0.01,0.16,0.01,-0.16,0.05,0.12,-0.15,-0.02,0.04,0.02,0.11,-0.17,-0.10,0.02,-0.07,0.14
07/08/2023,0.05,-0.01,-0.16,0.11,-0.11,0.09,-0.06,0.07,0.07,0.09,0.00,-0.17,0.03,-0.10,-0.06,0.14,-0.07,0.14,-0.10,0.03,-0.06,0.15,0.02,-0.10
08/08/2023,0.10,0.07,-0.02,-0.15,0.04,-0.11,0.12,-0.05,0.09,-0.02,-0.15,0.08,-0.02,0.09,-0.14,0.07,-0.04,-0.06,-0.07,0.17,0.11,-0.04,0.06,-0.12
09/08/2023,0.05,0.01,0.12,-0.17,0.10,-0.01,0.06,-0.15,-0.09,-0.08,0.06,0.11,-0.06,-0.10,0.07,0.10,-0.06,0.08,0.09,-0.11,-0.04,-0.10,0.17,-0.03
10/08/2023,0.12,0.04,-0.04,-0.12,0.01,0.07,0.09,-0.17,0.04,-0.11,-0.06,0.13,-0.04,0.09,0.08,-0.12,0.11,-0.05,-0.11,0.06,-0.17,0.00,0.09,0.08
11/08/2023,-0.16,-0.01,0.03,0.13,0.05,-0.08,-0.08,0.11,-0.09,0.06,0.11,-0.08,0.07,0.01,0.08,-0.17,-0.02,0.00,-0.14,0.16,0.01,-0.04,-0.13,0.16
12/08/2023,-0.02,-0.07,0.17,-0.08,-0.11,0.10,0.06,-0.06,-0.06,0.07,-0.11,0.09,0.00,0.00,0.00,1.00,1.00,0.00,0.00,-1.00,-1.00,0.00,0.00,0.00
13/08/2023,-0.01,0.09,0.08,-0.16,0.11,0.06,-0.13,-0.03,0.00,1.00,0.00,0.00,0.00,1.00,0.00,0.00,0.17,-0.13,-0.04,0.00,0.00,-1.00,-1.00,0.00
14/08/2023,-0.09,0.05,-0.08,0.12,-0.03,-0.05,-0.09,0.17,-0.10,0.08,-0.06,0.09,0.05,-0.16,0.12,-0.01,-0.15,-0.01,0.09,0.07,0.01,0.09,0.06,-0.17
15/08/2023,-0.11,0.09,0.08,-0.06,0.11,-0.09,0.06,-0.08,-0.05,-0.08,-0.04,0.17,-0.14,-0.01,-0.01,0.17,0.06,-0.04,-0.13,0.11,-0.08,0.05,-0.08,0.12
16/08/2023,0.10,-0.03,-0.14,0.07,-0.06,-0.07,-0.04,0.17,-0.07,-0.02,-0.08,0.17,0.07,0.09,-0.10,-0.06,-0.03,-0.07,-0.07,0.17,0.00,0.08,0.09,-0.16
17/08/2023,-0.04,0.07,0.09,-0.13,0.11,0.05,-0.09,-0.08,0.08,0.09,-0.01,-0.15,-0.04,0.07,0.10,-0.13,0.04,-0.12,-0.05,0.13,-0.03,-0.14,0.12,0.05
18/08/2023,0.00,-0.17,0.15,0.02,0.10,0.07,-0.10,-0.06,0.12,-0.14,-0.02,0.04,-0.09,0.10,-0.08,0.06,-0.17,0.03,0.06,0.08,-0.07,0.07,0.10,-0.09
19/08/2023,0.04,0.02,0.10,-0.17,-0.05,-0.07,-0.04,0.17,-0.11,0.04,0.12,-0.05,0.10,0.05,0.01,-0.17,0.04,0.01,0.12,-0.17,-0.06,-0.11,0.04,0.13
20/08/2023,0.04,0.05,0.08,-0.17,-0.10,0.05,0.11,-0.07,0.05,0.09,0.02,-0.17,0.14,-0.17,0.01,0.02,-0.06,0.17,-0.07,-0.04,-0.05,0.00,-0.11,0.17
21/08/2023,-0.09,-0.07,0.07,0.10,-0.05,0.07,0.10,-0.12,0.01,0.13,-0.17,0.02,0.01,0.09,0.06,-0.17,0.08,0.08,-0.07,-0.09,0.12,-0.12,0.05,-0.05
22/08/2023,-0.02,-0.15,0.08,0.08,-0.06,-0.11,0.07,0.10,0.08,-0.08,-0.08,0.09,-0.11,-0.06,0.03,0.14,-0.10,0.07,-0.07,0.09,0.13,0.00,0.03,-0.17
23/08/2023,-0.06,0.06,0.10,-0.11,-0.02,0.05,0.12,-0.15,-0.07,-0.10,0.11,0.06,0.17,-0.02,-0.12,-0.03,-0.04,-0.08,-0.05,0.17,0.06,-0.06,0.11,-0.11
24/08/2023,-0.14,-0.03,0.13,0.04,-0.03,0.17,-0.09,-0.05,-0.10,-0.04,0.17,-0.03,-0.05,-0.04,-0.07,0.17,0.11,-0.01,0.06,-0.16,-0.08,0.10,-0.09,0.06
25/08/2023,0.00,0.00,0.00,0.00,1.00,0.00,-1.00,0.00,0.00,0.00,0.00,0.00,0.00,0.00,0.00,0.00,1.00,0.00,0.00,0.00,-1.00,0.00,0.00,0.00
26/08/2023,-0.08,-0.02,-0.06,0.17,-0.06,-0.10,0.13,0.03,0.05,0.06,0.05,-0.17,0.02,-0.05,-0.11,0.15,-0.10,0.13,-0.07,0.04,-0.03,0.05,0.12,-0.13
27/08/2023,-0.05,-0.04,-0.07,0.17,0.03,0.01,-0.17,0.12,0.04,0.04,0.09,-0.17,0.05,-0.16,-0.01,0.11,0.12,0.04,-0.09,-0.07,-0.11,0.10,-0.06,0.06
28/08/2023,0.05,0.07,0.05,-0.17,0.04,-0.08,0.13,-0.09,-0.08,-0.06,-0.02,0.17,0.06,0.10,-0.10,-0.07,-0.06,-0.11,0.04,0.13,-0.05,-0.08,-0.04,0.17
29/08/2023,0.04,-0.01,-0.16,0.13,0.07,0.10,-0.07,-0.09,-0.09,-0.05,-0.03,0.17,0.16,0.01,-0.02,-0.15,0.04,-0.06,-0.11,0.13,0.02,0.08,0.07,-0.17
30/08/2023,-0.04,-0.08,-0.05,0.17,0.09,0.00,0.07,-0.17,0.12,-0.08,0.04,-0.09,-0.12,-0.01,0.17,-0.04,0.06,0.10,-0.14,-0.03,-0.03,-0.03,0.17,-0.10
31/08/2023,-0.05,-0.12,0.05,0.12,-0.02,-0.15,0.06,0.11,-0.17,0.14,0.00,0.03,-0.09,0.08,-0.08,0.09,-0.08,-0.09,0.04,0.12,0.04,-0.14,-0.02,0.12
01/09/2023,-0.03,-0.10,-0.04,0.17,0.03,-0.17,0.09,0.04,0.06,0.05,0.05,-0.17,0.08,0.03,0.06,-0.17,-0.07,-0.10,0.01,0.16,-0.17,0.03,0.05,0.09
02/09/2023,0.07,0.10,-0.07,-0.10,0.04,0.06,0.07,-0.17,-0.01,0.17,-0.13,-0.02,0.05,0.06,0.06,-0.17,0.11,-0.05,0.06,-0.12,0.05,0.07,0.04,-0.17
03/09/2023,0.06,0.07,0.03,-0.17,-0.09,0.12,-0.08,0.05,-0.06,-0.05,-0.06,0.17,-0.07,0.08,-0.09,0.09,0.03,-0.03,-0.14,0.13,0.01,-0.17,0.01,0.15
04/09/2023,-0.08,-0.08,0.03,0.14,0.03,0.12,-0.17,0.02,-0.02,0.15,0.02,-0.15,-0.03,-0.06,-0.08,0.17,0.12,-0.17,0.01,0.04,0.17,-0.12,-0.01,-0.04
05/09/2023,0.03,-0.17,0.12,0.02,-0.06,-0.10,0.06,0.10,-0.04,-0.13,0.17,0.00,-0.02,-0.09,-0.05,0.17,0.04,-0.02,0.12,-0.15,0.08,0.04,0.05,-0.17
06/09/2023,0.13,0.04,-0.02,-0.15,0.06,-0.08,-0.08,0.11,-0.07,0.01,-0.09,0.16,-0.03,0.07,-0.14,0.09,-0.08,0.02,-0.09,0.15,-0.01,0.06,0.10,-0.15
07/09/2023,0.04,-0.05,0.12,-0.12,-0.11,0.10,-0.06,0.07,0.11,0.01,0.06,-0.17,-0.13,-0.04,0.04,0.13,-0.09,-0.08,0.05,0.11,-0.03,-0.06,-0.07,0.17
08/09/2023,-0.06,-0.05,-0.06,0.17,0.10,0.04,0.04,-0.17,-0.09,0.12,-0.08,0.05,0.09,0.08,-0.09,-0.08,0.05,0.01,0.11,-0.17,-0.05,0.09,0.07,-0.12
09/09/2023,0.09,0.08,-0.09,-0.08,0.00,0.17,-0.11,-0.05,0.07,0.10,-0.05,-0.12,0.00,1.00,1.00,0.00,0.00,0.00,0.00,-1.00,-1.00,0.00,0.00,0.00
10/09/2023,0.07,0.10,-0.09,-0.08,0.07,-0.01,-0.15,0.10,0.15,0.02,-0.09,-0.07,0.09,0.08,-0.07,-0.09,0.07,-0.04,0.10,-0.13,0.01,0.16,-0.14,-0.03
11/09/2023,-0.12,0.05,-0.05,0.11,-0.07,-0.09,0.04,0.13,0.00,-0.09,-0.08,0.17,0.03,0.07,0.07,-0.17,-0.05,-0.06,-0.06,0.17,0.05,0.07,0.04,-0.17
12/09/2023,0.13,-0.15,0.04,-0.02,0.00,0.17,-0.08,-0.08,-0.07,0.17,-0.06,-0.03,0.05,0.07,0.05,-0.17,0.02,-0.14,-0.03,0.14,-0.07,0.08,0.09,-0.10
13/09/2023,0.15,-0.09,0.01,-0.08,-0.06,0.08,0.08,-0.11,-0.11,0.12,0.05,-0.06,-0.10,0.08,-0.06,0.09,-0.04,-0.13,0.07,0.09,0.11,-0.03,-0.14,0.06
14/09/2023,-0.06,-0.06,0.17,-0.04,0.13,0.04,-0.01,-0.16,-0.02,-0.14,0.17,0.00,0.09,0.08,-0.05,-0.12,-0.06,0.06,-0.10,0.10,-0.03,0.07,0.09,-0.14
15/09/2023,0.00,-0.07,-0.09,0.16,0.02,-0.17,0.03,0.12,0.12,0.04,-0.15,-0.01,-0.10,0.02,-0.07,0.15,-0.13,0.03,0.14,-0.04,0.03,-0.13,-0.04,0.14
16/09/2023,0.03,0.10,0.04,-0.17,0.04,0.12,-0.11,-0.05,-0.08,0.16,0.00,-0.09,-0.11,0.05,-0.06,0.12,-0.10,0.05,0.12,-0.06,0.00,-0.17,0.03,0.14
17/09/2023,-0.07,0.08,-0.10,0.08,-0.11,-0.05,0.01,0.16,-0.09,-0.07,-0.01,0.17,-0.07,-0.10,0.03,0.14,0.08,0.08,-0.11,-0.05,0.07,0.02,0.08,-0.17
18/09/2023,-0.08,0.02,-0.08,0.15,0.15,0.02,-0.13,-0.04,0.01,-0.12,-0.04,0.16,0.04,0.08,0.05,-0.17,-0.07,0.01,-0.10,0.16,0.04,-0.17,0.03,0.10
19/09/2023,0.12,-0.08,-0.09,0.05,0.00,0.09,0.07,-0.17,-0.17,0.07,0.05,0.05,0.06,0.11,-0.09,-0.07,0.09,0.07,-0.06,-0.11,-0.03,0.09,0.08,-0.14
20/09/2023,0.14,-0.17,0.01,0.01,0.17,0.00,-0.06,-0.11,0.04,-0.13,0.13,-0.04,-0.06,-0.03,-0.07,0.17,0.08,-0.03,0.08,-0.13,0.11,-0.01,0.06,-0.15
21/09/2023,0.06,0.09,-0.17,0.02,-0.05,0.07,-0.12,0.10,-0.02,0.17,-0.03,-0.11,0.05,0.07,0.04,-0.17,-0.10,-0.06,0.01,0.15,-0.06,0.13,-0.11,0.04
22/09/2023,-0.08,-0.09,0.01,0.16,-0.07,0.07,-0.10,0.10,-0.08,0.07,0.09,-0.09,0.00,0.10,0.06,-0.16,-0.17,0.06,0.05,0.05,0.17,-0.09,-0.01,-0.07
23/09/2023,-0.08,-0.08,0.08,0.08,0.07,0.10,-0.05,-0.11,-0.02,0.17,-0.13,-0.01,-0.08,0.02,0.15,-0.08,0.08,0.09,-0.11,-0.06,-0.03,-0.10,-0.03,0.17
24/09/2023,-0.01,-0.16,0.04,0.12,-0.07,-0.02,-0.08,0.17,0.10,-0.10,-0.07,0.06,-0.01,-0.10,-0.05,0.17,0.10,-0.17,0.01,0.05,-0.10,0.05,-0.07,0.11
25/09/2023,-0.11,0.09,-0.06,0.07,0.01,0.06,0.10,-0.17,0.06,0.05,0.06,-0.17,-0.07,-0.09,0.09,0.08,0.00,-0.03,-0.13,0.17,-0.10,0.06,0.11,-0.06
26/09/2023,0.00,0.00,0.00,1.00,0.00,0.00,1.00,-1.00,-1.00,0.00,0.00,0.00,0.00,0.00,0.00,0.00,0.00,0.00,0.00,0.00,0.00,0.00,0.00,0.00
27/09/2023,-0.16,0.14,0.03,-0.01,0.07,-0.09,-0.07,0.10,0.08,-0.11,-0.06,0.09,0.01,-0.12,-0.04,0.16,0.06,-0.01,-0.16,0.10,-0.13,0.00,-0.03,0.17
28/09/2023,-0.08,0.12,-0.08,0.04,-0.10,0.09,0.07,-0.07,0.09,-0.08,-0.09,0.08,0.14,0.02,-0.09,-0.08,0.01,-0.11,-0.06,0.16,0.12,-0.14,-0.03,0.05
29/09/2023,0.01,-0.09,-0.07,0.16,-0.08,-0.07,-0.02,0.17,-0.07,-0.09,0.17,0.00,-0.13,0.14,0.02,-0.03,0.06,-0.03,0.10,-0.13,0.13,0.03,-0.13,-0.04
30/09/2023,-0.03,-0.14,0.04,0.12,0.02,-0.17,0.15,0.00,-0.17,0.03,0.14,0.00,0.11,0.06,-0.06,-0.11,0.06,0.11,-0.03,-0.14,0.16,-0.06,-0.11,0.01
01/10/2023,-0.04,-0.04,-0.09,0.17,-0.16,0.02,0.14,-0.01,-0.04,0.10,0.07,-0.13,-0.01,-0.04,-0.12,0.17,0.03,-0.10,-0.07,0.13,0.01,-0.08,-0.09,0.15
02/10/2023,-0.06,0.07,-0.11,0.10,0.11,-0.13,-0.04,0.06,-0.10,-0.07,0.07,0.09,0.10,-0.13,0.06,-0.03,0.07,-0.17,0.06,0.03,-0.05,-0.06,-0.05,0.17
03/10/2023,-0.14,-0.01,0.17,-0.01,0.09,-0.08,-0.09,0.08,0.05,-0.17,0.11,0.01,-0.02,-0.07,-0.08,0.17,0.13,-0.17,0.01,0.02,0.11,-0.13,-0.03,0.06
04/10/2023,-0.09,-0.08,0.07,0.10,0.09,-0.10,0.08,-0.07,-0.08,0.15,-0.09,0.02,0.07,-0.08,0.10,-0.09,0.08,0.00,0.08,-0.17,0.06,0.04,0.07,-0.17
05/10/2023,0.00,0.00,1.00,1.00,0.00,0.00,0.00,0.00,0.09,-0.04,-0.12,0.08,-0.15,0.15,-0.02,0.01,0.00,0.00,0.00,-1.00,-1.00,0.00,0.00,0.00
06/10/2023,0.01,-0.11,-0.06,0.16,0.12,-0.12,0.05,-0.05,0.12,0.04,-0.11,-0.06,0.00,1.00,1.00,0.00,0.00,0.00,-1.00,-1.00,0.00,0.00,0.00,0.00
07/10/2023,0.06,0.10,-0.11,-0.05,-0.09,0.10,-0.08,0.07,0.04,-0.11,-0.06,0.13,-0.08,0.13,0.03,-0.08,-0.11,0.08,0.09,-0.05,-0.03,-0.14,0.07,0.10
08/10/2023,0.10,0.07,-0.09,-0.07,0.11,0.01,0.05,-0.17,0.02,-0.10,-0.07,0.15,-0.04,-0.05,0.17,-0.07,-0.06,0.11,-0.11,0.05,-0.03,-0.13,0.17,-0.01
09/10/2023,0.06,0.10,-0.17,0.00,-0.11,0.11,-0.05,0.06,0.10,0.04,0.03,-0.17,-0.08,0.08,0.08,-0.09,-0.13,0.14,-0.03,0.02,0.06,-0.10,0.11,-0.07
10/10/2023,0.05,0.07,0.05,-0.17,-0.05,-0.12,0.02,0.14,0.02,0.08,-0.17,0.07,0.05,-0.08,-0.09,0.12,0.06,0.11,-0.03,-0.13,-0.10,-0.01,-0.06,0.17
11/10/2023,-0.04,-0.06,-0.07,0.17,-0.07,0.00,-0.10,0.17,0.08,-0.11,-0.05,0.08,-0.05,0.07,-0.12,0.10,0.02,0.06,0.09,-0.17,-0.15,0.14,0.03,-0.02
12/10/2023,1.00,0.00,0.00,1.00,0.00,0.00,0.00,0.00,-0.02,0.09,0.08,-0.15,0.03,0.10,0.03,-0.17,0.00,0.00,0.00,-1.00,-1.00,0.00,0.00,0.00
13/10/2023,-0.07,-0.09,0.13,0.04,0.03,0.14,0.00,-0.17,-0.05,0.13,-0.11,0.03,0.08,0.09,-0.07,-0.10,0.05,0.11,-0.01,-0.16,-0.09,-0.08,0.04,0.12
14/10/2023,-0.02,0.04,-0.14,0.13,0.08,-0.01,0.09,-0.16,-0.17,0.07,0.04,0.05,0.01,0.09,0.06,-0.17,-0.07,0.11,-0.10,0.06,0.12,-0.17,0.03,0.02
15/10/2023,0.01,0.08,0.08,-0.17,0.14,0.02,-0.02,-0.14,0.09,0.08,-0.05,-0.12,0.15,-0.01,-0.16,0.01,0.04,0.13,-0.07,-0.10,0.02,0.14,0.01,-0.17
16/10/2023,0.11,-0.09,-0.08,0.06,-0.06,0.08,-0.11,0.08,0.11,-0.14,-0.03,0.06,-0.12,-0.04,0.00,0.17,0.16,-0.15,0.00,-0.02,-0.17,0.01,0.13,0.02
17/10/2023,-0.09,-0.08,0.10,0.07,-0.10,0.00,0.16,-0.06,0.06,0.02,0.09,-0.17,0.04,-0.09,-0.08,0.12,0.11,-0.12,0.05,-0.04,0.01,-0.01,-0.16,0.15
18/10/2023,0.04,0.13,-0.03,-0.14,0.03,0.08,0.05,-0.17,0.11,0.06,-0.13,-0.04,0.15,-0.02,0.02,-0.14,0.08,0.03,0.06,-0.17,0.05,0.06,0.05,-0.17
19/10/2023,0.10,0.07,-0.10,-0.07,0.10,0.06,0.01,-0.17,-0.08,0.03,-0.09,0.14,0.13,-0.13,0.04,-0.04,-0.06,-0.05,-0.05,0.17,-0.05,0.12,-0.11,0.05
20/10/2023,0.05,0.11,-0.09,-0.08,-0.01,-0.16,0.15,0.02,0.14,-0.17,0.01,0.02,-0.13,-0.04,0.09,0.07,-0.12,-0.05,0.13,0.04,0.06,0.07,0.04,-0.17
21/10/2023,-0.17,0.13,0.01,0.03,0.07,-0.10,-0.06,0.10,0.16,-0.08,-0.09,0.01,-0.06,-0.10,0.10,0.07,-0.02,-0.15,0.07,0.09,-0.10,-0.07,0.04,0.13
22/10/2023,0.02,-0.08,-0.09,0.14,-0.07,-0.04,-0.06,0.17,-0.06,-0.05,-0.06,0.17,0.08,0.08,-0.07,-0.10,0.06,0.06,0.04,-0.17,0.04,0.13,-0.12,-0.05
23/10/2023,0.13,-0.05,-0.12,0.04,0.05,0.05,0.06,-0.17,0.08,0.07,0.02,-0.17,0.04,0.06,0.06,-0.17,0.16,0.01,0.00,-0.17,-0.08,-0.02,-0.07,0.17
24/10/2023,0.02,0.15,-0.09,-0.07,0.10,0.00,0.06,-0.17,-0.12,0.12,-0.04,0.05,0.05,0.11,0.01,-0.17,-0.09,0.11,-0.07,0.05,-0.05,-0.11,0.08,0.09
25/10/2023,0.06,0.07,0.03,-0.17,0.09,-0.17,0.01,0.07,-0.15,-0.02,0.16,0.01,0.10,0.06,-0.09,-0.08,0.12,0.05,-0.05,-0.11,-0.07,-0.09,0.07,0.10
26/10/2023,-0.07,0.07,0.10,-0.10,-0.07,-0.04,-0.06,0.17,-0.14,0.17,-0.02,-0.02,0.09,-0.11,0.07,-0.06,0.08,0.08,-0.11,-0.06,0.11,0.06,-0.05,-0.12
27/10/2023,0.08,0.05,0.04,-0.17,-0.08,0.06,-0.08,0.10,0.14,0.03,-0.09,-0.08,0.06,-0.13,-0.03,0.11,0.02,0.06,-0.17,0.08,0.02,-0.10,-0.06,0.15
28/10/2023,0.17,-0.03,-0.06,-0.07,-0.07,-0.09,0.00,0.17,-0.07,-0.03,-0.06,0.17,-0.06,-0.07,-0.04,0.17,0.08,0.09,-0.05,-0.11,-0.08,-0.03,-0.05,0.17
29/10/2023,0.00,0.00,0.00,0.00,0.00,0.00,0.00,0.00,0.00,0.00,0.00,0.00,0.00,0.00,0.00,0.00,0.00,0.00,0.00,0.00,0.00,0.00,0.00,0.00
30/10/2023,0.06,0.04,0.06,-0.17,-0.08,0.05,-0.08,0.11,0.05,0.06,0.06,-0.17,-0.04,0.01,-0.12,0.16,0.08,-0.16,-0.01,0.08,0.00,0.10,0.06,-0.17
31/10/2023,0.05,-0.09,-0.08,0.12,0.06,0.06,0.05,-0.17,0.04,0.06,0.07,-0.17,0.11,0.04,0.02,-0.17,-0.08,0.00,-0.09,0.16,-0.17,0.10,0.04,0.03
01/11/2023,-0.05,-0.06,-0.06,0.17,-0.17,0.03,0.13,0.01,-0.12,0.11,-0.05,0.05,0.02,-0.06,0.14,-0.10,-0.08,-0.08,0.02,0.15,0.06,-0.17,0.04,0.07
02/11/2023,-0.08,-0.05,-0.04,0.17,0.07,0.09,-0.01,-0.16,0.07,0.09,-0.04,-0.13,-0.06,-0.05,-0.05,0.17,-0.03,-0.05,-0.09,0.17,-0.04,-0.09,-0.03,0.17
03/11/2023,0.10,-0.09,0.06,-0.07,0.05,-0.08,-0.09,0.11,0.12,-0.12,0.05,-0.05,-0.13,0.00,-0.03,0.17,0.08,0.08,-0.09,-0.08,0.13,-0.08,-0.09,0.04
04/11/2023,0.14,0.03,-0.16,-0.01,0.16,0.00,-0.13,-0.04,-0.05,0.09,0.08,-0.11,0.01,-0.14,0.16,-0.03,0.11,-0.04,-0.13,0.05,-0.09,-0.08,0.05,0.12
05/11/2023,-0.08,0.09,-0.09,0.08,0.07,0.02,0.08,-0.17,0.02,-0.17,0.10,0.05,0.04,0.03,0.09,-0.17,-0.06,-0.02,-0.08,0.17,0.17,-0.14,-0.02,0.00
06/11/2023,-0.06,0.13,-0.11,0.04,-0.01,-0.15,0.11,0.06,0.06,0.02,0.08,-0.17,-0.03,-0.06,-0.07,0.17,0.08,0.08,-0.13,-0.04,0.04,0.06,0.07,-0.17
07/11/2023,-0.03,0.17,-0.09,-0.05,0.08,-0.05,0.09,-0.12,-0.12,0.16,-0.04,0.01,-0.09,0.05,0.12,-0.08,0.05,0.08,0.04,-0.17,-0.03,0.12,0.05,-0.14
08/11/2023,-0.05,-0.07,-0.05,0.17,0.10,-0.06,0.07,-0.10,0.03,0.12,0.02,-0.17,-0.07,-0.08,0.17,-0.02,0.03,-0.02,-0.15,0.14,-0.12,0.08,0.09,-0.05
09/11/2023,-0.05,0.10,0.06,-0.12,-0.04,0.11,0.06,-0.13,0.14,-0.16,-0.01,0.02,-0.08,0.07,-0.08,0.09,0.03,0.14,-0.12,-0.05,0.08,-0.05,0.09,-0.12
10/11/2023,-0.07,-0.03,-0.07,0.17,0.08,0.06,0.02,-0.17,-0.17,0.13,0.01,0.02,-0.02,0.00,-0.15,0.17,0.12,-0.09,0.05,-0.08,-0.03,-0.07,-0.07,0.17
11/11/2023,0.02,-0.14,0.15,-0.03,0.03,0.14,-0.03,-0.13,-0.07,-0.10,0.03,0.14,0.10,-0.06,-0.11,0.07,-0.09,-0.04,-0.04,0.17,0.07,-0.01,0.10,-0.15
12/11/2023,0.00,0.00,0.00,0.00,1.00,1.00,0.00,0.00,0.00,0.00,0.00,0.00,-0.09,0.13,0.04,-0.07,0.00,-1.00,-1.00,0.00,-0.09,0.05,-0.08,0.11
13/11/2023,0.00,0.00,0.00,0.00,1.00,0.00,0.00,-1.00,0.00,1.00,0.00,0.00,0.00,-1.00,0.00,0.00,0.00,0.00,0.00,0.00,0.00,0.00,0.00,0.00
14/11/2023,0.00,0.00,0.00,1.00,1.00,0.00,0.00,0.00,-0.06,-0.10,0.08,0.09,0.00,0.00,0.00,-1.00,0.00,-1.00,0.00,0.00,0.02,-0.13,-0.04,0.15
15/11/2023,-0.10,-0.07,0.00,0.17,0.05,0.11,-0.13,-0.03,-0.02,-0.01,-0.14,0.17,0.08,0.08,0.00,-0.17,0.05,0.05,0.07,-0.17,-0.05,0.07,0.09,-0.12
16/11/2023,-0.03,-0.14,0.03,0.14,0.04,0.06,0.06,-0.17,0.01,0.02,-0.17,0.13,0.10,-0.10,0.07,-0.07,-0.04,-0.13,0.17,-0.01,0.09,-0.02,0.08,-0.15
17/11/2023,0.11,0.04,0.02,-0.17,-0.09,0.13,0.04,-0.08,0.09,-0.12,0.07,-0.04,0.01,-0.06,-0.10,0.15,-0.05,-0.12,0.09,0.08,-0.04,-0.08,-0.05,0.17
18/11/2023,0.06,0.11,-0.02,-0.15,0.07,0.10,-0.05,-0.12,0.09,-0.04,-0.12,0.08,0.05,-0.06,0.11,-0.11,-0.03,-0.02,0.17,-0.11,-0.01,-0.16,0.05,0.12
19/11/2023,0.11,-0.12,-0.05,0.06,0.07,0.09,-0.05,-0.12,0.06,0.10,-0.03,-0.13,0.13,-0.09,0.04,-0.08,-0.12,-0.03,-0.02,0.17,0.02,-0.08,0.14,-0.09
20/11/2023,0.03,-0.14,-0.02,0.14,-0.16,0.03,-0.01,0.14,0.05,0.03,0.09,-0.17,0.08,-0.08,-0.08,0.09,0.01,0.15,-0.15,-0.01,0.17,-0.10,-0.05,-0.01
21/11/2023,-0.01,0.17,-0.13,-0.03,0.05,-0.06,-0.11,0.12,0.16,-0.02,-0.15,0.01,-0.17,0.08,0.06,0.03,0.06,0.05,0.06,-0.17,0.08,0.08,0.01,-0.17
22/11/2023,0.08,0.09,-0.06,-0.11,0.07,0.00,0.10,-0.17,-0.06,0.17,-0.01,-0.10,0.14,-0.03,0.02,-0.14,-0.14,-0.03,0.08,0.08,0.15,-0.17,0.01,0.01
23/11/2023,-0.17,0.01,0.15,0.00,-0.15,-0.01,0.07,0.10,-0.09,-0.08,0.10,0.07,0.06,-0.09,-0.07,0.10,-0.07,0.04,-0.09,0.13,0.13,-0.07,-0.09,0.04
24/11/2023,0.06,0.06,0.05,-0.17,0.07,0.09,-0.03,-0.13,-0.15,-0.02,0.17,0.00,0.02,0.02,0.12,-0.17,0.10,0.07,-0.10,-0.07,0.06,0.08,0.03,-0.17
25/11/2023,0.06,0.11,-0.03,-0.14,-0.05,0.04,-0.12,0.13,0.07,-0.10,0.10,-0.07,0.10,0.06,-0.07,-0.10,0.17,-0.01,-0.02,-0.13,0.05,-0.09,-0.07,0.12
26/11/2023,-0.17,0.08,0.00,0.08,-0.01,0.15,-0.16,0.01,0.06,0.11,-0.10,-0.07,0.13,-0.11,-0.05,0.03,0.13,-0.09,-0.08,0.04,0.06,0.01,0.10,-0.17
27/11/2023,0.03,-0.08,-0.08,0.14,-0.02,0.03,-0.15,0.13,-0.10,0.10,-0.07,0.06,0.07,0.04,0.06,-0.17,-0.02,0.11,0.06,-0.15,-0.10,-0.06,0.16,0.00
28/11/2023,-0.02,0.09,0.08,-0.15,-0.11,-0.06,0.00,0.16,-0.04,0.10,-0.13,0.07,-0.11,0.06,-0.06,0.10,-0.04,-0.09,-0.04,0.17,-0.14,0.01,0.15,-0.03
29/11/2023,0.00,1.00,1.00,0.00,0.00,0.00,0.00,0.00,0.00,-0.07,-0.10,0.16,0.10,-0.15,0.07,-0.02,0.00,-1.00,-1.00,0.00,-0.12,0.08,-0.05,0.09
30/11/2023,-0.01,0.17,-0.15,0.00,-0.16,0.02,-0.01,0.14,-0.08,-0.06,-0.04,0.17,-0.06,0.17,-0.02,-0.08,0.04,-0.11,-0.06,0.12,-0.13,-0.03,0.09,0.08
01/12/2023,-0.03,-0.03,0.17,-0.11,0.00,-0.08,-0.09,0.16,-0.09,-0.07,-0.01,0.17,-0.07,-0.09,0.01,0.16,-0.07,-0.09,0.01,0.16,0.13,-0.02,0.04,-0.14
02/12/2023,0.00,0.00,0.00,1.00,1.00,0.00,0.00,0.00,-0.09,-0.08,0.09,0.08,-0.01,0.17,-0.09,-0.07,0.00,-1.00,0.00,-1.00,0.06,-0.04,0.11,-0.13
03/12/2023,0.05,0.06,0.06,-0.17,-0.02,0.08,0.08,-0.14,0.03,0.11,0.03,-0.17,0.12,0.05,-0.04,-0.12,-0.12,0.07,-0.05,0.09,0.07,0.09,0.01,-0.17
04/12/2023,-0.04,-0.05,0.17,-0.08,-0.04,-0.07,-0.06,0.17,-0.10,0.04,-0.07,0.13,0.09,-0.03,0.08,-0.14,-0.11,-0.04,-0.01,0.17,-0.08,0.01,-0.08,0.15
05/12/2023,0.11,0.06,-0.14,-0.02,0.02,-0.14,0.15,-0.03,-0.07,0.08,-0.09,0.09,0.02,-0.11,-0.06,0.15,-0.10,-0.03,-0.03,0.17,0.09,-0.02,0.07,-0.14
06/12/2023,-0.08,-0.05,-0.04,0.17,-0.12,0.16,0.01,-0.05,-0.04,-0.02,-0.10,0.17,0.06,0.02,0.08,-0.17,-0.09,0.00,-0.08,0.16,-0.13,-0.03,0.04,0.12
07/12/2023,0.00,0.00,1.00,1.00,0.00,0.00,0.00,0.00,0.00,-1.00,-1.00,0.00,0.12,-0.02,-0.15,0.05,-0.12,-0.05,0.07,0.10,0.02,0.15,-0.13,-0.03
08/12/2023,-0.14,0.02,-0.02,0.15,-0.10,-0.07,0.09,0.08,-0.08,-0.02,0.17,-0.07,-0.17,0.02,0.08,0.08,0.07,0.09,0.00,-0.16,0.10,-0.03,-0.13,0.06
09/12/2023,0.10,-0.09,-0.08,0.07,-0.08,-0.04,0.17,-0.05,0.03,0.01,0.12,-0.17,0.07,0.01,0.09,-0.17,-0.07,-0.10,0.07,0.10,0.06,0.10,-0.05,-0.12
10/12/2023,0.12,0.05,-0.16,0.00,0.00,0.16,-0.08,-0.09,0.08,-0.06,0.08,-0.11,0.01,0.16,-0.07,-0.09,-0.04,-0.12,0.15,0.01,-0.12,0.08,0.09,-0.05
11/12/2023,0.06,-0.11,0.11,-0.05,-0.17,0.00,0.01,0.15,0.12,0.04,-0.03,-0.13,-0.09,0.03,-0.08,0.14,-0.04,-0.08,-0.05,0.17,-0.08,-0.08,0.16,0.00
12/12/2023,0.08,0.09,0.00,-0.17,0.01,-0.06,-0.11,0.16,0.15,0.02,-0.01,-0.15,0.06,0.10,-0.10,-0.07,0.00,0.12,-0.17,0.04,-0.08,0.00,-0.08,0.17
13/12/2023,0.05,0.12,-0.10,-0.07,0.17,-0.03,-0.12,-0.02,0.17,-0.13,-0.03,-0.01,0.02,0.06,-0.17,0.09,-0.14,-0.03,0.06,0.11,-0.13,0.08,0.09,-0.04
14/12/2023,-0.03,-0.05,-0.09,0.17,0.13,-0.12,-0.05,0.03,-0.06,0.14,0.02,-0.11,-0.12,-0.01,0.17,-0.04,-0.02,-0.10,-0.04,0.17,0.12,0.04,-0.03,-0.14
15/12/2023,0.07,0.06,0.04,-0.17,-0.17,0.04,0.04,0.09,0.06,-0.17,0.01,0.09,0.09,0.08,-0.02,-0.14,0.08,-0.15,-0.02,0.09,0.10,0.06,0.01,-0.17
16/12/2023,-0.08,-0.09,0.06,0.11,-0.12,-0.05,0.10,0.07,-0.02,-0.15,0.17,0.00,-0.09,0.08,-0.08,0.09,0.10,-0.11,0.06,-0.06,0.01,0.07,0.09,-0.17
17/12/2023,-0.07,0.05,0.12,-0.09,0.06,0.04,0.07,-0.17,0.03,-0.09,-0.07,0.14,-0.09,0.01,-0.08,0.15,0.04,-0.08,-0.09,0.13,-0.13,-0.03,0.13,0.03
18/12/2023,0.09,-0.06,0.08,-0.11,-0.13,0.03,-0.04,0.13,-0.07,0.07,0.09,-0.10,-0.09,-0.08,0.04,0.13,0.09,0.04,0.04,-0.17,0.02,0.06,0.09,-0.17
19/12/2023,0.00,0.00,0.00,1.00,1.00,0.00,0.00,0.00,0.00,0.00,0.00,0.00,0.00,0.00,0.00,-1.00,0.00,0.00,-1.00,0.00,0.02,0.09,0.06,-0.17
20/12/2023,-0.07,-0.01,-0.09,0.17,-0.11,0.05,0.12,-0.05,-0.17,0.10,0.06,0.00,-0.08,0.15,0.02,-0.09,0.03,0.09,0.05,-0.17,-0.05,-0.06,-0.05,0.17
21/12/2023,-0.05,0.13,-0.11,0.03,-0.11,0.11,-0.06,0.05,0.12,0.05,-0.03,-0.14,-0.02,-0.11,-0.04,0.17,0.12,-0.10,-0.07,0.05,0.06,-0.09,-0.08,0.10
22/12/2023,-0.06,-0.11,0.16,0.00,0.17,-0.02,-0.07,-0.08,-0.12,-0.01,0.17,-0.04,0.04,0.13,-0.02,-0.15,0.03,-0.17,0.12,0.01,0.00,-0.07,-0.10,0.17
23/12/2023,-0.13,0.02,-0.03,0.14,-0.04,-0.01,-0.11,0.17,0.00,0.02,0.15,-0.17,0.00,-0.10,0.17,-0.07,0.08,0.09,-0.12,-0.05,-0.08,0.09,0.08,-0.09
24/12/2023,0.07,-0.05,-0.11,0.10,0.07,0.10,-0.02,-0.14,-0.14,0.06,-0.03,0.10,-0.06,-0.02,-0.08,0.17,-0.10,0.10,-0.06,0.06,-0.01,0.15,-0.15,0.02
25/12/2023,-0.03,-0.06,-0.08,0.17,-0.07,0.06,-0.10,0.10,-0.09,-0.01,0.17,-0.06,-0.05,-0.01,-0.10,0.17,0.08,0.05,0.04,-0.17,-0.01,0.17,-0.15,-0.01
26/12/2023,-0.02,-0.10,0.17,-0.04,-0.01,0.05,0.11,-0.15,-0.04,0.05,0.12,-0.13,-0.10,0.06,-0.07,0.11,0.11,-0.12,0.06,-0.05,0.16,-0.04,0.01,-0.13
27/12/2023,-0.02,-0.15,0.16,0.01,-0.11,-0.05,0.00,0.17,0.05,-0.09,-0.07,0.11,-0.02,0.05,-0.15,0.12,-0.05,-0.11,-0.01,0.17,-0.09,0.01,-0.08,0.16
28/12/2023,0.09,-0.05,0.08,-0.12,0.07,-0.09,-0.07,0.10,-0.10,0.09,0.08,-0.06,0.07,-0.08,-0.08,0.10,0.02,0.05,0.09,-0.17,-0.16,0.14,0.03,-0.01
29/12/2023,0.15,0.01,-0.11,-0.06,0.17,0.00,-0.11,-0.06,0.03,0.13,-0.07,-0.09,0.08,0.06,0.03,-0.17,0.05,0.12,-0.10,-0.07,0.09,0.07,-0.01,-0.15
30/12/2023,0.13,0.03,-0.14,-0.03,-0.12,0.12,-0.05,0.05,0.12,0.04,-0.13,-0.04,-0.05,0.17,-0.02,-0.10,0.09,0.06,0.02,-0.17,-0.06,-0.07,-0.04,0.17
31/12/2023,0.04,-0.05,-0.12,0.13,0.03,0.05,0.08,-0.17,0.00,0.08,0.08,-0.17,0.16,0.01,-0.10,-0.06,-0.09,0.08,0.08,-0.08,-0.02,-0.01,-0.14,0.17
,,,,,,,,,,,,,,,,,,,,,,,,
